,SG_PARTIDO,NM_URNA_CANDIDATO,QT_VOTOS_NOMINAIS,Porcentagem,Ano
0,PT,DILMA,47651434,35.15675260216143,2010
1,PSDB,JOSÉ SERRA,33132283,24.444667847263506,2010
2,PV,MARINA SILVA,19636359,14.487509764558734,2010
3,PSOL,PLÍNIO,886816,0.6542839973218517,2010
4,PSDC,EYMAEL,89350,0.06592153858377324,2010
5,Outros,Outros,193911,0.14306560121228934,2010
6,Não Votaram,Não Votaram,33949766,25.047798648898407,2010
