,SG_PARTIDO,NM_URNA_CANDIDATO,QT_VOTOS_NOMINAIS,Porcentagem,Ano
0,PSL,JAIR BOLSONARO,49277010,33.48400145647936,2018
1,PT,FERNANDO HADDAD,31342051,21.29709739558164,2018
2,PDT,CIRO GOMES,13344371,9.067574067497215,2018
3,PSDB,GERALDO ALCKMIN,5096350,3.4629980760344146,2018
4,NOVO,JOÃO AMOÊDO,2679745,1.8209015823604817,2018
5,Outros,Outros,5311222,3.6090047911528167,2018
6,Não Votaram,Não Votaram,40115085,27.258422630894074,2018
