,SG_PARTIDO,NM_URNA_CANDIDATO,QT_VOTOS_NOMINAIS,Porcentagem,Ano
0,PT,DILMA,43267668,30.29412440150651,2014
1,PSDB,AÉCIO NEVES,34897211,24.43349734724833,2014
2,PSB,MARINA SILVA,22176619,15.52709646359524,2014
3,PSOL,LUCIANA GENRO,1612186,1.1287819635291456,2014
4,PSC,PASTOR EVERALDO,780513,0.5464809871193671,2014
5,Outros,Outros,1289605,0.9029248883671014,2014
6,Não Votaram,Não Votaram,38801478,27.167093948634303,2014
