,SG_PARTIDO,NM_URNA_CANDIDATO,QT_VOTOS_NOMINAIS,Porcentagem,Ano
0,PT,LULA,39436640,34.19031142441491,2002
1,PSDB,JOSÉ SERRA,19695227,17.075134816367342,2002
2,PSB,GAROTINHO,15176422,13.157474736395947,2002
3,PPS,CIRO,10166540,8.814066530738195,2002
4,PSTU,ZÉ MARIA,402032,0.3485489454116876,2002
5,Outros,Outros,38517,0.033393012820924634,2002
6,Não Votaram,Não Votaram,30429111,26.381070533851002,2002
