,SG_PARTIDO,NM_URNA_CANDIDATO,QT_VOTOS_NOMINAIS,Porcentagem,Ano
0,PT,LULA,46662365,40.454784970264164,2006
1,PSDB,GERALDO ALCKMIN,39968369,34.651303539954995,2006
2,PSOL,HELOÍSA HELENA,6575393,5.700656405006051,2006
3,PDT,CRISTOVAM BUARQUE,2538844,2.201096924535337,2006
4,PRP,ANA MARIA RANGEL,126404,0.10958824396022943,2006
5,Outros,Outros,125358,0.1086813952593782,2006
6,Não Votaram,Não Votaram,19347756,16.773888521019828,2006
